group,subject,day,session,side,axis,file,frac_missing,out_of_range_frac,flatline_samples_frac,spikes_frac,saturation_frac,variance,status,extra_info
group2,46,2022-06-22,2022-06-22_11-30-01,left,xAcc,/Volumes/NO NAME/Backup PrevOccupAI data/jan2023/data/group2/sensors/LIBPhys #009/2022-06-22/11-30-00/opensignals_886B0FABF8C9_2022-06-22_11-30-01.txt,0.0,0.0,0.0,0.0,0.0,False,GOOD,
group2,46,2022-06-22,2022-06-22_11-30-01,left,yAcc,/Volumes/NO NAME/Backup PrevOccupAI data/jan2023/data/group2/sensors/LIBPhys #009/2022-06-22/11-30-00/opensignals_886B0FABF8C9_2022-06-22_11-30-01.txt,0.0,0.0,0.0,0.0,0.0,False,GOOD,
group2,46,2022-06-22,2022-06-22_11-30-01,left,zAcc,/Volumes/NO NAME/Backup PrevOccupAI data/jan2023/data/group2/sensors/LIBPhys #009/2022-06-22/11-30-00/opensignals_886B0FABF8C9_2022-06-22_11-30-01.txt,0.0,0.0,0.0,2.5162866654420738e-05,0.0,False,GOOD,
group2,46,2022-06-22,2022-06-22_11-30-01,right,xAcc,/Volumes/NO NAME/Backup PrevOccupAI data/jan2023/data/group2/sensors/LIBPhys #009/2022-06-22/11-30-00/opensignals_886B0FABF797_2022-06-22_11-30-01.txt,0.0,0.0,0.0,0.0,0.0,False,GOOD,
group2,46,2022-06-22,2022-06-22_11-30-01,right,yAcc,/Volumes/NO NAME/Backup PrevOccupAI data/jan2023/data/group2/sensors/LIBPhys #009/2022-06-22/11-30-00/opensignals_886B0FABF797_2022-06-22_11-30-01.txt,0.0,0.0,0.0,2.0880139646373956e-05,0.0,False,GOOD,
group2,46,2022-06-22,2022-06-22_11-30-01,right,zAcc,/Volumes/NO NAME/Backup PrevOccupAI data/jan2023/data/group2/sensors/LIBPhys #009/2022-06-22/11-30-00/opensignals_886B0FABF797_2022-06-22_11-30-01.txt,0.0,0.0,0.0,2.5056167575648746e-05,0.0,False,GOOD,
group4,59,2022-07-20,2022-07-20_11-00-01,left,xAcc,/Volumes/NO NAME/Backup PrevOccupAI data/jan2023/data/group4/sensors/LIBPhys #002/2022-07-20/11-00-00/opensignals_886B0FABF7D3_2022-07-20_11-00-01.txt,0.0,0.0,0.0,0.0,0.0,False,GOOD,
group4,59,2022-07-20,2022-07-20_11-00-01,left,yAcc,/Volumes/NO NAME/Backup PrevOccupAI data/jan2023/data/group4/sensors/LIBPhys #002/2022-07-20/11-00-00/opensignals_886B0FABF7D3_2022-07-20_11-00-01.txt,0.0,0.0,0.0,0.0,0.0,False,GOOD,
group4,59,2022-07-20,2022-07-20_11-00-01,left,zAcc,/Volumes/NO NAME/Backup PrevOccupAI data/jan2023/data/group4/sensors/LIBPhys #002/2022-07-20/11-00-00/opensignals_886B0FABF7D3_2022-07-20_11-00-01.txt,0.0,0.0,0.0,2.5045311142074536e-05,0.0,False,GOOD,
group4,59,2022-07-20,2022-07-20_11-00-09,right,xAcc,/Volumes/NO NAME/Backup PrevOccupAI data/jan2023/data/group4/sensors/LIBPhys #002/2022-07-20/11-00-00/opensignals_588E81A24A0D_2022-07-20_11-00-09.txt,0.0,0.0,0.0,0.0,0.0,False,GOOD,
group4,59,2022-07-20,2022-07-20_11-00-09,right,yAcc,/Volumes/NO NAME/Backup PrevOccupAI data/jan2023/data/group4/sensors/LIBPhys #002/2022-07-20/11-00-00/opensignals_588E81A24A0D_2022-07-20_11-00-09.txt,0.0,0.0,0.0,0.0,0.0,False,GOOD,
group4,59,2022-07-20,2022-07-20_11-00-09,right,zAcc,/Volumes/NO NAME/Backup PrevOccupAI data/jan2023/data/group4/sensors/LIBPhys #002/2022-07-20/11-00-00/opensignals_588E81A24A0D_2022-07-20_11-00-09.txt,0.0,0.0,0.0,2.5230056061184568e-05,0.0,False,GOOD,
group4,63,2022-07-18,2022-07-18_16-00-32,left,xAcc,/Volumes/NO NAME/Backup PrevOccupAI data/jan2023/data/group4/sensors/LIBPhys #006/2022-07-18/16-00-00/opensignals_886B0FABF754_2022-07-18_16-00-32.txt,0.0,0.0,0.0,0.0,0.0,False,GOOD,
group4,63,2022-07-18,2022-07-18_16-00-32,left,yAcc,/Volumes/NO NAME/Backup PrevOccupAI data/jan2023/data/group4/sensors/LIBPhys #006/2022-07-18/16-00-00/opensignals_886B0FABF754_2022-07-18_16-00-32.txt,0.0,0.0,0.0,2.5744001647616106e-06,0.0,False,GOOD,
group4,63,2022-07-18,2022-07-18_16-00-32,left,zAcc,/Volumes/NO NAME/Backup PrevOccupAI data/jan2023/data/group4/sensors/LIBPhys #006/2022-07-18/16-00-00/opensignals_886B0FABF754_2022-07-18_16-00-32.txt,0.0,0.0,0.0,2.5744001647616105e-05,0.0,False,GOOD,
group2,38,2022-06-20,2022-06-20_15-00-02,left,xAcc,/Volumes/NO NAME/Backup PrevOccupAI data/jan2023/data/group2/sensors/LIBPhys #001/2022-06-20/15-00-00/opensignals_886B0FABF87D_2022-06-20_15-00-02.txt,0.0,0.0,0.0,0.0,0.0,False,GOOD,
group2,38,2022-06-20,2022-06-20_15-00-02,left,yAcc,/Volumes/NO NAME/Backup PrevOccupAI data/jan2023/data/group2/sensors/LIBPhys #001/2022-06-20/15-00-00/opensignals_886B0FABF87D_2022-06-20_15-00-02.txt,0.0,0.0,0.0,0.0,0.0,False,GOOD,
group2,38,2022-06-20,2022-06-20_15-00-02,left,zAcc,/Volumes/NO NAME/Backup PrevOccupAI data/jan2023/data/group2/sensors/LIBPhys #001/2022-06-20/15-00-00/opensignals_886B0FABF87D_2022-06-20_15-00-02.txt,0.0,0.0,0.0,2.5107838164918326e-05,0.0,False,GOOD,
group2,38,2022-06-20,2022-06-20_15-00-01,right,xAcc,/Volumes/NO NAME/Backup PrevOccupAI data/jan2023/data/group2/sensors/LIBPhys #001/2022-06-20/15-00-00/opensignals_588E81A248D5_2022-06-20_15-00-01.txt,0.0,0.0,0.0,0.0,0.0,False,GOOD,
group2,38,2022-06-20,2022-06-20_15-00-01,right,yAcc,/Volumes/NO NAME/Backup PrevOccupAI data/jan2023/data/group2/sensors/LIBPhys #001/2022-06-20/15-00-00/opensignals_588E81A248D5_2022-06-20_15-00-01.txt,0.0,0.0,0.0,0.0,0.0,False,GOOD,
group2,38,2022-06-20,2022-06-20_15-00-01,right,zAcc,/Volumes/NO NAME/Backup PrevOccupAI data/jan2023/data/group2/sensors/LIBPhys #001/2022-06-20/15-00-00/opensignals_588E81A248D5_2022-06-20_15-00-01.txt,0.0,0.0,0.0,2.505480739116818e-05,0.0,False,GOOD,
group3,55,2022-07-05,2022-07-05_12-00-01,left,xAcc,/Volumes/NO NAME/Backup PrevOccupAI data/jan2023/data/group3/sensors/LIBPhys #008/2022-07-05/12-00-00/opensignals_588E81A249B2_2022-07-05_12-00-01.txt,0.0005074964596678494,0.0,0.0,0.0,0.0,False,GOOD,
group3,55,2022-07-05,2022-07-05_12-00-01,left,yAcc,/Volumes/NO NAME/Backup PrevOccupAI data/jan2023/data/group3/sensors/LIBPhys #008/2022-07-05/12-00-00/opensignals_588E81A249B2_2022-07-05_12-00-01.txt,0.0005074964596678494,0.0,0.0,0.0,0.0,False,GOOD,
group3,55,2022-07-05,2022-07-05_12-00-01,left,zAcc,/Volumes/NO NAME/Backup PrevOccupAI data/jan2023/data/group3/sensors/LIBPhys #008/2022-07-05/12-00-00/opensignals_588E81A249B2_2022-07-05_12-00-01.txt,0.0005074964596678494,0.0,0.0,2.5123587112269774e-05,0.0,False,GOOD,
group3,55,2022-07-05,2022-07-05_12-00-20,right,xAcc,/Volumes/NO NAME/Backup PrevOccupAI data/jan2023/data/group3/sensors/LIBPhys #008/2022-07-05/12-00-00/opensignals_588E81A24887_2022-07-05_12-00-20.txt,0.0,0.0,0.0,0.0,0.0,False,GOOD,
group3,55,2022-07-05,2022-07-05_12-00-20,right,yAcc,/Volumes/NO NAME/Backup PrevOccupAI data/jan2023/data/group3/sensors/LIBPhys #008/2022-07-05/12-00-00/opensignals_588E81A24887_2022-07-05_12-00-20.txt,0.0,0.0,0.0,0.0,0.0,False,GOOD,
group3,55,2022-07-05,2022-07-05_12-00-20,right,zAcc,/Volumes/NO NAME/Backup PrevOccupAI data/jan2023/data/group3/sensors/LIBPhys #008/2022-07-05/12-00-00/opensignals_588E81A24887_2022-07-05_12-00-20.txt,0.0,0.0,0.0,2.560823834099589e-05,0.0,False,GOOD,
group4,66,2022-07-20,2022-07-20_11-30-01,left,xAcc,/Volumes/NO NAME/Backup PrevOccupAI data/jan2023/data/group4/sensors/LIBPhys #011/2022-07-20/11-30-00/opensignals_886B0FABF8C9_2022-07-20_11-30-01.txt,0.0,0.0,0.0,0.0,0.0,False,GOOD,
group4,66,2022-07-20,2022-07-20_11-30-01,left,yAcc,/Volumes/NO NAME/Backup PrevOccupAI data/jan2023/data/group4/sensors/LIBPhys #011/2022-07-20/11-30-00/opensignals_886B0FABF8C9_2022-07-20_11-30-01.txt,0.0,0.0,0.0,0.0,0.0,False,GOOD,
group4,66,2022-07-20,2022-07-20_11-30-01,left,zAcc,/Volumes/NO NAME/Backup PrevOccupAI data/jan2023/data/group4/sensors/LIBPhys #011/2022-07-20/11-30-00/opensignals_886B0FABF8C9_2022-07-20_11-30-01.txt,0.0,0.0,0.0,2.505985127813595e-05,0.0,False,GOOD,
group4,66,2022-07-20,2022-07-20_11-30-00,right,xAcc,/Volumes/NO NAME/Backup PrevOccupAI data/jan2023/data/group4/sensors/LIBPhys #011/2022-07-20/11-30-00/opensignals_886B0FABF797_2022-07-20_11-30-00.txt,5.842359779192185e-06,0.0,0.0,0.0,0.0,False,GOOD,
group4,66,2022-07-20,2022-07-20_11-30-00,right,yAcc,/Volumes/NO NAME/Backup PrevOccupAI data/jan2023/data/group4/sensors/LIBPhys #011/2022-07-20/11-30-00/opensignals_886B0FABF797_2022-07-20_11-30-00.txt,5.842359779192185e-06,0.0,0.0,0.0,0.0,False,GOOD,
group4,66,2022-07-20,2022-07-20_11-30-00,right,zAcc,/Volumes/NO NAME/Backup PrevOccupAI data/jan2023/data/group4/sensors/LIBPhys #011/2022-07-20/11-30-00/opensignals_886B0FABF797_2022-07-20_11-30-00.txt,5.842359779192185e-06,0.0,0.0,2.503868476796651e-05,0.0,False,GOOD,
group3,48,2022-07-05,2022-07-05_14-30-29,left,xAcc,/Volumes/NO NAME/Backup PrevOccupAI data/jan2023/data/group3/sensors/LIBPhys #001/2022-07-05/14-30-00/opensignals_886B0FABF87D_2022-07-05_14-30-29.txt,0.0,0.0,0.0,0.0,0.0,False,GOOD,
group3,48,2022-07-05,2022-07-05_14-30-29,left,yAcc,/Volumes/NO NAME/Backup PrevOccupAI data/jan2023/data/group3/sensors/LIBPhys #001/2022-07-05/14-30-00/opensignals_886B0FABF87D_2022-07-05_14-30-29.txt,0.0,0.0,0.0,0.0,0.0,False,GOOD,
group3,48,2022-07-05,2022-07-05_14-30-29,left,zAcc,/Volumes/NO NAME/Backup PrevOccupAI data/jan2023/data/group3/sensors/LIBPhys #001/2022-07-05/14-30-00/opensignals_886B0FABF87D_2022-07-05_14-30-29.txt,0.0,0.0,0.0,2.5835898981634982e-05,0.0,False,GOOD,
group3,48,2022-07-05,2022-07-05_14-30-17,right,xAcc,/Volumes/NO NAME/Backup PrevOccupAI data/jan2023/data/group3/sensors/LIBPhys #001/2022-07-05/14-30-00/opensignals_588E81A248D5_2022-07-05_14-30-17.txt,0.00014816909565204138,0.0,0.0,0.0,0.0,False,GOOD,
group3,48,2022-07-05,2022-07-05_14-30-17,right,yAcc,/Volumes/NO NAME/Backup PrevOccupAI data/jan2023/data/group3/sensors/LIBPhys #001/2022-07-05/14-30-00/opensignals_588E81A248D5_2022-07-05_14-30-17.txt,0.00014816909565204138,0.0,0.0,0.0,0.0,False,GOOD,
group3,48,2022-07-05,2022-07-05_14-30-17,right,zAcc,/Volumes/NO NAME/Backup PrevOccupAI data/jan2023/data/group3/sensors/LIBPhys #001/2022-07-05/14-30-00/opensignals_588E81A248D5_2022-07-05_14-30-17.txt,0.00014816909565204138,0.0,0.0,2.5400416397492808e-05,0.0,False,GOOD,
group4,62,2022-07-20,2022-07-20_09-30-01,left,xAcc,/Volumes/NO NAME/Backup PrevOccupAI data/jan2023/data/group4/sensors/LIBPhys #005/2022-07-20/09-30-00/opensignals_84FD27E504C3_2022-07-20_09-30-01.txt,0.0,0.0,0.0,2.513661751620055e-06,0.0,False,GOOD,
group4,62,2022-07-20,2022-07-20_09-30-01,left,yAcc,/Volumes/NO NAME/Backup PrevOccupAI data/jan2023/data/group4/sensors/LIBPhys #005/2022-07-20/09-30-00/opensignals_84FD27E504C3_2022-07-20_09-30-01.txt,0.0,0.0,0.0,2.513661751620055e-06,0.0,False,GOOD,
group4,62,2022-07-20,2022-07-20_09-30-01,left,zAcc,/Volumes/NO NAME/Backup PrevOccupAI data/jan2023/data/group4/sensors/LIBPhys #005/2022-07-20/09-30-00/opensignals_84FD27E504C3_2022-07-20_09-30-01.txt,0.0,0.0,0.0,2.2622955764580494e-05,0.0,False,GOOD,
group4,62,2022-07-20,2022-07-20_09-30-07,right,xAcc,/Volumes/NO NAME/Backup PrevOccupAI data/jan2023/data/group4/sensors/LIBPhys #005/2022-07-20/09-30-00/opensignals_886B0FABF7DB_2022-07-20_09-30-07.txt,0.0,0.0,0.0,0.0,0.0,False,GOOD,
group4,62,2022-07-20,2022-07-20_09-30-07,right,yAcc,/Volumes/NO NAME/Backup PrevOccupAI data/jan2023/data/group4/sensors/LIBPhys #005/2022-07-20/09-30-00/opensignals_886B0FABF7DB_2022-07-20_09-30-07.txt,0.0,0.0,0.0,2.522511311361139e-06,0.0,False,GOOD,
group4,62,2022-07-20,2022-07-20_09-30-07,right,zAcc,/Volumes/NO NAME/Backup PrevOccupAI data/jan2023/data/group4/sensors/LIBPhys #005/2022-07-20/09-30-00/opensignals_886B0FABF7DB_2022-07-20_09-30-07.txt,0.0,0.0,0.0,2.5225113113611386e-05,0.0,False,GOOD,
group2,41,2022-06-24,2022-06-24_11-21-01,left,xAcc,/Volumes/NO NAME/Backup PrevOccupAI data/jan2023/data/group2/sensors/LIBPhys #004/2022-06-24/11-20-00/opensignals_886B0FABF703_2022-06-24_11-21-01.txt,0.0,0.0,0.0,0.0,0.0,False,GOOD,
group2,41,2022-06-24,2022-06-24_11-21-01,left,yAcc,/Volumes/NO NAME/Backup PrevOccupAI data/jan2023/data/group2/sensors/LIBPhys #004/2022-06-24/11-20-00/opensignals_886B0FABF703_2022-06-24_11-21-01.txt,0.0,0.0,0.0,0.0,0.0,False,GOOD,
group2,41,2022-06-24,2022-06-24_11-21-01,left,zAcc,/Volumes/NO NAME/Backup PrevOccupAI data/jan2023/data/group2/sensors/LIBPhys #004/2022-06-24/11-20-00/opensignals_886B0FABF703_2022-06-24_11-21-01.txt,0.0,0.0,0.0,2.6427666595605608e-05,0.0,False,GOOD,
group2,41,2022-06-24,2022-06-24_11-20-24,right,xAcc,/Volumes/NO NAME/Backup PrevOccupAI data/jan2023/data/group2/sensors/LIBPhys #004/2022-06-24/11-20-00/opensignals_588E81A249C7_2022-06-24_11-20-24.txt,0.0,0.0,0.0,0.0,0.0,False,GOOD,
group2,41,2022-06-24,2022-06-24_11-20-24,right,yAcc,/Volumes/NO NAME/Backup PrevOccupAI data/jan2023/data/group2/sensors/LIBPhys #004/2022-06-24/11-20-00/opensignals_588E81A249C7_2022-06-24_11-20-24.txt,0.0,0.0,0.0,0.0,0.0,False,GOOD,
group2,41,2022-06-24,2022-06-24_11-20-24,right,zAcc,/Volumes/NO NAME/Backup PrevOccupAI data/jan2023/data/group2/sensors/LIBPhys #004/2022-06-24/11-20-00/opensignals_588E81A249C7_2022-06-24_11-20-24.txt,0.0,0.0,0.0,2.5589169298797053e-05,0.0,False,GOOD,
group4,61,2022-07-19,2022-07-19_14-30-02,left,xAcc,/Volumes/NO NAME/Backup PrevOccupAI data/jan2023/data/group4/sensors/LIBPhys #004/2022-07-19/14-30-00/opensignals_886B0FABF703_2022-07-19_14-30-02.txt,0.0,0.0,0.0,0.0,0.0,False,GOOD,
group4,61,2022-07-19,2022-07-19_14-30-02,left,yAcc,/Volumes/NO NAME/Backup PrevOccupAI data/jan2023/data/group4/sensors/LIBPhys #004/2022-07-19/14-30-00/opensignals_886B0FABF703_2022-07-19_14-30-02.txt,0.0,0.0,0.0,0.0,0.0,False,GOOD,
group4,61,2022-07-19,2022-07-19_14-30-02,left,zAcc,/Volumes/NO NAME/Backup PrevOccupAI data/jan2023/data/group4/sensors/LIBPhys #004/2022-07-19/14-30-00/opensignals_886B0FABF703_2022-07-19_14-30-02.txt,0.0,0.0,0.0,2.5255884200087217e-05,0.0,False,GOOD,
group4,61,2022-07-19,2022-07-19_14-30-00,right,xAcc,/Volumes/NO NAME/Backup PrevOccupAI data/jan2023/data/group4/sensors/LIBPhys #004/2022-07-19/14-30-00/opensignals_588E81A249C7_2022-07-19_14-30-00.txt,0.0,0.0,0.0,0.0,0.0,False,GOOD,
group4,61,2022-07-19,2022-07-19_14-30-00,right,yAcc,/Volumes/NO NAME/Backup PrevOccupAI data/jan2023/data/group4/sensors/LIBPhys #004/2022-07-19/14-30-00/opensignals_588E81A249C7_2022-07-19_14-30-00.txt,0.0,0.0,0.0,0.0,0.0,False,GOOD,
group4,61,2022-07-19,2022-07-19_14-30-00,right,zAcc,/Volumes/NO NAME/Backup PrevOccupAI data/jan2023/data/group4/sensors/LIBPhys #004/2022-07-19/14-30-00/opensignals_588E81A249C7_2022-07-19_14-30-00.txt,0.0,0.0,0.0,2.5160545245789172e-05,0.0,False,GOOD,
group1,32,2022-05-04,2022-05-04_15-40-08,left,xAcc,/Volumes/NO NAME/Backup PrevOccupAI data/jan2023/data/group1/sensors/LIBPhys #008/2022-05-04/15-40-02/opensignals_588E81A249B2_2022-05-04_15-40-08.txt,0.0029807632173649953,0.0,0.0,0.0,0.0,False,GOOD,
group1,32,2022-05-04,2022-05-04_15-40-08,left,yAcc,/Volumes/NO NAME/Backup PrevOccupAI data/jan2023/data/group1/sensors/LIBPhys #008/2022-05-04/15-40-02/opensignals_588E81A249B2_2022-05-04_15-40-08.txt,0.0029807632173649953,0.0,0.0,1.436716038990783e-05,0.0,False,GOOD,
group1,32,2022-05-04,2022-05-04_15-40-08,left,zAcc,/Volumes/NO NAME/Backup PrevOccupAI data/jan2023/data/group1/sensors/LIBPhys #008/2022-05-04/15-40-02/opensignals_588E81A249B2_2022-05-04_15-40-08.txt,0.0029807632173649953,0.0,0.0,2.5353812452778525e-05,0.0,False,GOOD,
group1,32,2022-05-04,2022-05-04_15-40-54,right,xAcc,/Volumes/NO NAME/Backup PrevOccupAI data/jan2023/data/group1/sensors/LIBPhys #008/2022-05-04/15-40-02/opensignals_588E81A24887_2022-05-04_15-40-54.txt,0.00859378513685239,0.0,0.0,0.0,0.0,False,GOOD,
group1,32,2022-05-04,2022-05-04_15-40-54,right,yAcc,/Volumes/NO NAME/Backup PrevOccupAI data/jan2023/data/group1/sensors/LIBPhys #008/2022-05-04/15-40-02/opensignals_588E81A24887_2022-05-04_15-40-54.txt,0.00859378513685239,0.0,0.0,0.0,0.0,False,GOOD,
group1,32,2022-05-04,2022-05-04_15-40-54,right,zAcc,/Volumes/NO NAME/Backup PrevOccupAI data/jan2023/data/group1/sensors/LIBPhys #008/2022-05-04/15-40-02/opensignals_588E81A24887_2022-05-04_15-40-54.txt,0.00859378513685239,0.0,0.0,2.645598297645682e-05,0.0,False,GOOD,
group3,48,2022-07-07,2022-07-07_10-30-01,left,xAcc,/Volumes/NO NAME/Backup PrevOccupAI data/jan2023/data/group3/sensors/LIBPhys #001/2022-07-07/10-30-00/opensignals_886B0FABF87D_2022-07-07_10-30-01.txt,0.0008680606567877894,0.0,0.0,2.518551228591265e-06,0.0,False,GOOD,
group3,48,2022-07-07,2022-07-07_10-30-01,left,yAcc,/Volumes/NO NAME/Backup PrevOccupAI data/jan2023/data/group3/sensors/LIBPhys #001/2022-07-07/10-30-00/opensignals_886B0FABF87D_2022-07-07_10-30-01.txt,0.0008680606567877894,0.0,0.0,8.395170761970883e-06,0.0,False,GOOD,
group3,48,2022-07-07,2022-07-07_10-30-01,left,zAcc,/Volumes/NO NAME/Backup PrevOccupAI data/jan2023/data/group3/sensors/LIBPhys #001/2022-07-07/10-30-00/opensignals_886B0FABF87D_2022-07-07_10-30-01.txt,0.0008680606567877894,0.0,0.0,2.2666961057321388e-05,0.0,False,GOOD,
group3,48,2022-07-07,2022-07-07_10-35-00,right,xAcc,/Volumes/NO NAME/Backup PrevOccupAI data/jan2023/data/group3/sensors/LIBPhys #001/2022-07-07/10-30-00/opensignals_588E81A248D5_2022-07-07_10-35-00.txt,0.0018445002685949033,0.0,0.0,3.343505018601033e-06,0.0,False,GOOD,
group3,48,2022-07-07,2022-07-07_10-35-00,right,yAcc,/Volumes/NO NAME/Backup PrevOccupAI data/jan2023/data/group3/sensors/LIBPhys #001/2022-07-07/10-30-00/opensignals_588E81A248D5_2022-07-07_10-35-00.txt,0.0018445002685949033,0.0,0.0,0.0,0.0,False,GOOD,
group3,48,2022-07-07,2022-07-07_10-35-00,right,zAcc,/Volumes/NO NAME/Backup PrevOccupAI data/jan2023/data/group3/sensors/LIBPhys #001/2022-07-07/10-30-00/opensignals_588E81A248D5_2022-07-07_10-35-00.txt,0.0018445002685949033,0.0,0.0,3.343505018601033e-05,0.0,False,GOOD,
group2,40,2022-06-21,2022-06-21_09-40-44,left,xAcc,/Volumes/NO NAME/Backup PrevOccupAI data/jan2023/data/group2/sensors/LIBPhys #003/2022-06-21/09-40-00/opensignals_886B0FABF7B1_2022-06-21_09-40-44.txt,0.0,0.0,0.0,2.6175360958227613e-06,0.0,False,GOOD,
group2,40,2022-06-21,2022-06-21_09-40-44,left,yAcc,/Volumes/NO NAME/Backup PrevOccupAI data/jan2023/data/group2/sensors/LIBPhys #003/2022-06-21/09-40-00/opensignals_886B0FABF7B1_2022-06-21_09-40-44.txt,0.0,0.0,0.0,2.6175360958227613e-06,0.0,False,GOOD,
group2,40,2022-06-21,2022-06-21_09-40-44,left,zAcc,/Volumes/NO NAME/Backup PrevOccupAI data/jan2023/data/group2/sensors/LIBPhys #003/2022-06-21/09-40-00/opensignals_886B0FABF7B1_2022-06-21_09-40-44.txt,0.0,0.0,0.0,2.6175360958227615e-05,0.0,False,GOOD,
group2,40,2022-06-21,2022-06-21_09-40-01,right,xAcc,/Volumes/NO NAME/Backup PrevOccupAI data/jan2023/data/group2/sensors/LIBPhys #003/2022-06-21/09-40-00/opensignals_588E81A24A2B_2022-06-21_09-40-01.txt,0.0028938755801164256,0.0,0.0,2.514955602650428e-06,0.0,False,GOOD,
group2,40,2022-06-21,2022-06-21_09-40-01,right,yAcc,/Volumes/NO NAME/Backup PrevOccupAI data/jan2023/data/group2/sensors/LIBPhys #003/2022-06-21/09-40-00/opensignals_588E81A24A2B_2022-06-21_09-40-01.txt,0.0028938755801164256,0.0,0.0,2.514955602650428e-06,0.0,False,GOOD,
group2,40,2022-06-21,2022-06-21_09-40-01,right,zAcc,/Volumes/NO NAME/Backup PrevOccupAI data/jan2023/data/group2/sensors/LIBPhys #003/2022-06-21/09-40-00/opensignals_588E81A24A2B_2022-06-21_09-40-01.txt,0.0028938755801164256,0.0,0.0,2.2634600423853852e-05,0.0,False,GOOD,
group4,58,2022-07-19,2022-07-19_11-00-20,left,xAcc,/Volumes/NO NAME/Backup PrevOccupAI data/jan2023/data/group4/sensors/LIBPhys #001/2022-07-19/11-00-00/opensignals_886B0FABF87D_2022-07-19_11-00-20.txt,0.0,0.0,0.0,0.0,0.0,False,GOOD,
group4,58,2022-07-19,2022-07-19_11-00-20,left,yAcc,/Volumes/NO NAME/Backup PrevOccupAI data/jan2023/data/group4/sensors/LIBPhys #001/2022-07-19/11-00-00/opensignals_886B0FABF87D_2022-07-19_11-00-20.txt,0.0,0.0,0.0,2.2880948728878554e-05,0.0,False,GOOD,
group4,58,2022-07-19,2022-07-19_11-00-20,left,zAcc,/Volumes/NO NAME/Backup PrevOccupAI data/jan2023/data/group4/sensors/LIBPhys #001/2022-07-19/11-00-00/opensignals_886B0FABF87D_2022-07-19_11-00-20.txt,0.0,0.0,0.0,4.237212727570102e-06,0.0,False,GOOD,
group4,58,2022-07-19,2022-07-19_11-03-58,right,xAcc,/Volumes/NO NAME/Backup PrevOccupAI data/jan2023/data/group4/sensors/LIBPhys #001/2022-07-19/11-00-00/opensignals_588E81A248D5_2022-07-19_11-03-58.txt,0.0008165441850389108,0.0,0.0,0.0,0.0,False,GOOD,
group4,58,2022-07-19,2022-07-19_11-03-58,right,yAcc,/Volumes/NO NAME/Backup PrevOccupAI data/jan2023/data/group4/sensors/LIBPhys #001/2022-07-19/11-00-00/opensignals_588E81A248D5_2022-07-19_11-03-58.txt,0.0008165441850389108,0.0,0.0,0.0,0.0,False,GOOD,
group4,58,2022-07-19,2022-07-19_11-03-58,right,zAcc,/Volumes/NO NAME/Backup PrevOccupAI data/jan2023/data/group4/sensors/LIBPhys #001/2022-07-19/11-00-00/opensignals_588E81A248D5_2022-07-19_11-03-58.txt,0.0008165441850389108,0.0,0.0,3.1245313203019546e-05,0.0,False,GOOD,
group3,56,2022-07-08,2022-07-08_09-30-01,left,xAcc,/Volumes/NO NAME/Backup PrevOccupAI data/jan2023/data/group3/sensors/LIBPhys #009/2022-07-08/09-30-01/opensignals_886B0FABF8C9_2022-07-08_09-30-01.txt,0.0,0.0,0.0,2.5038266817786517e-06,0.0,False,GOOD,
group3,56,2022-07-08,2022-07-08_09-30-01,left,yAcc,/Volumes/NO NAME/Backup PrevOccupAI data/jan2023/data/group3/sensors/LIBPhys #009/2022-07-08/09-30-01/opensignals_886B0FABF8C9_2022-07-08_09-30-01.txt,0.0,0.0,0.0,0.0,0.0,False,GOOD,
group3,56,2022-07-08,2022-07-08_09-30-01,left,zAcc,/Volumes/NO NAME/Backup PrevOccupAI data/jan2023/data/group3/sensors/LIBPhys #009/2022-07-08/09-30-01/opensignals_886B0FABF8C9_2022-07-08_09-30-01.txt,0.0,0.0,0.0,2.5038266817786517e-05,0.0,False,GOOD,
group3,56,2022-07-08,2022-07-08_09-30-02,right,xAcc,/Volumes/NO NAME/Backup PrevOccupAI data/jan2023/data/group3/sensors/LIBPhys #009/2022-07-08/09-30-01/opensignals_886B0FABF797_2022-07-08_09-30-02.txt,0.0,0.0,0.0,0.0,0.0,False,GOOD,
group3,56,2022-07-08,2022-07-08_09-30-02,right,yAcc,/Volumes/NO NAME/Backup PrevOccupAI data/jan2023/data/group3/sensors/LIBPhys #009/2022-07-08/09-30-01/opensignals_886B0FABF797_2022-07-08_09-30-02.txt,0.0,0.0,0.0,0.0,0.0,False,GOOD,
group3,56,2022-07-08,2022-07-08_09-30-02,right,zAcc,/Volumes/NO NAME/Backup PrevOccupAI data/jan2023/data/group3/sensors/LIBPhys #009/2022-07-08/09-30-01/opensignals_886B0FABF797_2022-07-08_09-30-02.txt,0.0,0.0,0.0,2.2567703109327985e-05,0.0,False,GOOD,
group4,65,2022-07-19,2022-07-19_10-25-02,left,xAcc,/Volumes/NO NAME/Backup PrevOccupAI data/jan2023/data/group4/sensors/LIBPhys #008/2022-07-19/10-25-00/opensignals_588E81A249B2_2022-07-19_10-25-02.txt,0.0,0.0,0.0,0.0,0.0,False,GOOD,
group4,65,2022-07-19,2022-07-19_10-25-02,left,yAcc,/Volumes/NO NAME/Backup PrevOccupAI data/jan2023/data/group4/sensors/LIBPhys #008/2022-07-19/10-25-00/opensignals_588E81A249B2_2022-07-19_10-25-02.txt,0.0,0.0,0.0,2.5089779594649523e-06,0.0,False,GOOD,
group4,65,2022-07-19,2022-07-19_10-25-02,left,zAcc,/Volumes/NO NAME/Backup PrevOccupAI data/jan2023/data/group4/sensors/LIBPhys #008/2022-07-19/10-25-00/opensignals_588E81A249B2_2022-07-19_10-25-02.txt,0.0,0.0,0.0,2.508977959464952e-05,0.0,False,GOOD,
group4,65,2022-07-19,2022-07-19_10-25-02,right,xAcc,/Volumes/NO NAME/Backup PrevOccupAI data/jan2023/data/group4/sensors/LIBPhys #008/2022-07-19/10-25-00/opensignals_588E81A24887_2022-07-19_10-25-02.txt,0.0026239810067368407,0.0,0.0,0.0,0.0,False,GOOD,
group4,65,2022-07-19,2022-07-19_10-25-02,right,yAcc,/Volumes/NO NAME/Backup PrevOccupAI data/jan2023/data/group4/sensors/LIBPhys #008/2022-07-19/10-25-00/opensignals_588E81A24887_2022-07-19_10-25-02.txt,0.0026239810067368407,0.0,0.0,0.0,0.0,False,GOOD,
group4,65,2022-07-19,2022-07-19_10-25-02,right,zAcc,/Volumes/NO NAME/Backup PrevOccupAI data/jan2023/data/group4/sensors/LIBPhys #008/2022-07-19/10-25-00/opensignals_588E81A24887_2022-07-19_10-25-02.txt,0.0026239810067368407,0.0,0.0,2.5149977700353104e-05,0.0,False,GOOD,
group4,59,2022-07-19,2022-07-19_14-40-02,left,xAcc,/Volumes/NO NAME/Backup PrevOccupAI data/jan2023/data/group4/sensors/LIBPhys #002/2022-07-19/14-40-00/opensignals_886B0FABF7D3_2022-07-19_14-40-02.txt,0.0,0.0,0.0,0.0,0.0,False,GOOD,
group4,59,2022-07-19,2022-07-19_14-40-02,left,yAcc,/Volumes/NO NAME/Backup PrevOccupAI data/jan2023/data/group4/sensors/LIBPhys #002/2022-07-19/14-40-00/opensignals_886B0FABF7D3_2022-07-19_14-40-02.txt,0.0,0.0,0.0,0.0,0.0,False,GOOD,
group4,59,2022-07-19,2022-07-19_14-40-02,left,zAcc,/Volumes/NO NAME/Backup PrevOccupAI data/jan2023/data/group4/sensors/LIBPhys #002/2022-07-19/14-40-00/opensignals_886B0FABF7D3_2022-07-19_14-40-02.txt,0.0,0.0,0.0,2.5124197281896845e-05,0.0,False,GOOD,
group4,59,2022-07-19,2022-07-19_14-40-17,right,xAcc,/Volumes/NO NAME/Backup PrevOccupAI data/jan2023/data/group4/sensors/LIBPhys #002/2022-07-19/14-40-00/opensignals_588E81A24A0D_2022-07-19_14-40-17.txt,0.0,0.0,0.0,0.0,0.0,False,GOOD,
group4,59,2022-07-19,2022-07-19_14-40-17,right,yAcc,/Volumes/NO NAME/Backup PrevOccupAI data/jan2023/data/group4/sensors/LIBPhys #002/2022-07-19/14-40-00/opensignals_588E81A24A0D_2022-07-19_14-40-17.txt,0.0,0.0,0.0,0.0,0.0,False,GOOD,
group4,59,2022-07-19,2022-07-19_14-40-17,right,zAcc,/Volumes/NO NAME/Backup PrevOccupAI data/jan2023/data/group4/sensors/LIBPhys #002/2022-07-19/14-40-00/opensignals_588E81A24A0D_2022-07-19_14-40-17.txt,0.0,0.0,0.0,2.5440782762004022e-05,0.0,False,GOOD,
group4,65,2022-07-21,2022-07-21_11-05-04,left,xAcc,/Volumes/NO NAME/Backup PrevOccupAI data/jan2023/data/group4/sensors/LIBPhys #008/2022-07-21/11-05-01/opensignals_588E81A249B2_2022-07-21_11-05-04.txt,0.0,0.0,0.0,0.0,0.0,False,GOOD,
group4,65,2022-07-21,2022-07-21_11-05-04,left,yAcc,/Volumes/NO NAME/Backup PrevOccupAI data/jan2023/data/group4/sensors/LIBPhys #008/2022-07-21/11-05-01/opensignals_588E81A249B2_2022-07-21_11-05-04.txt,0.0,0.0,0.0,0.0,0.0,False,GOOD,
group4,65,2022-07-21,2022-07-21_11-05-04,left,zAcc,/Volumes/NO NAME/Backup PrevOccupAI data/jan2023/data/group4/sensors/LIBPhys #008/2022-07-21/11-05-01/opensignals_588E81A249B2_2022-07-21_11-05-04.txt,0.0,0.0,0.0,2.5213537652636453e-05,0.0,False,GOOD,
group4,65,2022-07-21,2022-07-21_11-05-03,right,xAcc,/Volumes/NO NAME/Backup PrevOccupAI data/jan2023/data/group4/sensors/LIBPhys #008/2022-07-21/11-05-01/opensignals_588E81A24887_2022-07-21_11-05-03.txt,0.0,0.0,0.0,0.0,0.0,False,GOOD,
group4,65,2022-07-21,2022-07-21_11-05-03,right,yAcc,/Volumes/NO NAME/Backup PrevOccupAI data/jan2023/data/group4/sensors/LIBPhys #008/2022-07-21/11-05-01/opensignals_588E81A24887_2022-07-21_11-05-03.txt,0.0,0.0,0.0,0.0,0.0,False,GOOD,
group4,65,2022-07-21,2022-07-21_11-05-03,right,zAcc,/Volumes/NO NAME/Backup PrevOccupAI data/jan2023/data/group4/sensors/LIBPhys #008/2022-07-21/11-05-01/opensignals_588E81A24887_2022-07-21_11-05-03.txt,0.0,0.0,0.0,2.5067221933484962e-05,0.0,False,GOOD,
group3,55,2022-07-06,2022-07-06_14-30-02,left,xAcc,/Volumes/NO NAME/Backup PrevOccupAI data/jan2023/data/group3/sensors/LIBPhys #008/2022-07-06/14-30-00/opensignals_588E81A249B2_2022-07-06_14-30-02.txt,0.00018566871682844377,0.0,0.0,0.0,0.0,False,GOOD,
group3,55,2022-07-06,2022-07-06_14-30-02,left,yAcc,/Volumes/NO NAME/Backup PrevOccupAI data/jan2023/data/group3/sensors/LIBPhys #008/2022-07-06/14-30-00/opensignals_588E81A249B2_2022-07-06_14-30-02.txt,0.00018566871682844377,0.0,0.0,0.0,0.0,False,GOOD,
group3,55,2022-07-06,2022-07-06_14-30-02,left,zAcc,/Volumes/NO NAME/Backup PrevOccupAI data/jan2023/data/group3/sensors/LIBPhys #008/2022-07-06/14-30-00/opensignals_588E81A249B2_2022-07-06_14-30-02.txt,0.00018566871682844377,0.0,0.0,2.509036713897889e-05,0.0,False,GOOD,
group3,55,2022-07-06,2022-07-06_14-30-18,right,xAcc,/Volumes/NO NAME/Backup PrevOccupAI data/jan2023/data/group3/sensors/LIBPhys #008/2022-07-06/14-30-00/opensignals_588E81A24887_2022-07-06_14-30-18.txt,0.0,0.0,0.0,0.0,0.0,False,GOOD,
group3,55,2022-07-06,2022-07-06_14-30-18,right,yAcc,/Volumes/NO NAME/Backup PrevOccupAI data/jan2023/data/group3/sensors/LIBPhys #008/2022-07-06/14-30-00/opensignals_588E81A24887_2022-07-06_14-30-18.txt,0.0,0.0,0.0,0.0,0.0,False,GOOD,
group3,55,2022-07-06,2022-07-06_14-30-18,right,zAcc,/Volumes/NO NAME/Backup PrevOccupAI data/jan2023/data/group3/sensors/LIBPhys #008/2022-07-06/14-30-00/opensignals_588E81A24887_2022-07-06_14-30-18.txt,0.0,0.0,0.0,2.5561413852923033e-05,0.0,False,GOOD,
group4,61,2022-07-21,2022-07-21_10-00-03,left,xAcc,/Volumes/NO NAME/Backup PrevOccupAI data/jan2023/data/group4/sensors/LIBPhys #004/2022-07-21/10-00-00/opensignals_886B0FABF703_2022-07-21_10-00-03.txt,0.007187964857709622,0.0,0.0,2.5399169108514563e-06,0.0,False,GOOD,
group4,61,2022-07-21,2022-07-21_10-00-03,left,yAcc,/Volumes/NO NAME/Backup PrevOccupAI data/jan2023/data/group4/sensors/LIBPhys #004/2022-07-21/10-00-00/opensignals_886B0FABF703_2022-07-21_10-00-03.txt,0.007187964857709622,0.0,0.0,2.5399169108514563e-06,0.0,False,GOOD,
group4,61,2022-07-21,2022-07-21_10-00-03,left,zAcc,/Volumes/NO NAME/Backup PrevOccupAI data/jan2023/data/group4/sensors/LIBPhys #004/2022-07-21/10-00-00/opensignals_886B0FABF703_2022-07-21_10-00-03.txt,0.007187964857709622,0.0,0.0,2.5399169108514564e-05,0.0,False,GOOD,
group4,61,2022-07-21,2022-07-21_10-00-31,right,xAcc,/Volumes/NO NAME/Backup PrevOccupAI data/jan2023/data/group4/sensors/LIBPhys #004/2022-07-21/10-00-00/opensignals_588E81A249C7_2022-07-21_10-00-31.txt,0.06345002110383272,0.0,0.0,2.789052781894213e-06,0.0,False,BAD,frac_missing (0.0635 > 0.01)
group4,61,2022-07-21,2022-07-21_10-00-31,right,yAcc,/Volumes/NO NAME/Backup PrevOccupAI data/jan2023/data/group4/sensors/LIBPhys #004/2022-07-21/10-00-00/opensignals_588E81A249C7_2022-07-21_10-00-31.txt,0.06345002110383272,0.0,0.0,0.0,0.0,False,BAD,frac_missing (0.0635 > 0.01)
group4,61,2022-07-21,2022-07-21_10-00-31,right,zAcc,/Volumes/NO NAME/Backup PrevOccupAI data/jan2023/data/group4/sensors/LIBPhys #004/2022-07-21/10-00-00/opensignals_588E81A249C7_2022-07-21_10-00-31.txt,0.06345002110383272,0.0,0.0,2.789052781894213e-05,0.0,False,BAD,frac_missing (0.0635 > 0.01)
group4,64,2022-07-18,2022-07-18_11-20-00,left,xAcc,/Volumes/NO NAME/Backup PrevOccupAI data/jan2023/data/group4/sensors/LIBPhys #007/2022-07-18/11-20-00/opensignals_588E81A24A57_2022-07-18_11-20-00.txt,0.0,0.0,0.0,0.0,0.0,False,GOOD,
group4,64,2022-07-18,2022-07-18_11-20-00,left,yAcc,/Volumes/NO NAME/Backup PrevOccupAI data/jan2023/data/group4/sensors/LIBPhys #007/2022-07-18/11-20-00/opensignals_588E81A24A57_2022-07-18_11-20-00.txt,0.0,0.0,0.0,0.0,0.0,False,GOOD,
group4,64,2022-07-18,2022-07-18_11-20-00,left,zAcc,/Volumes/NO NAME/Backup PrevOccupAI data/jan2023/data/group4/sensors/LIBPhys #007/2022-07-18/11-20-00/opensignals_588E81A24A57_2022-07-18_11-20-00.txt,0.0,0.0,0.0,2.5044244832537483e-05,0.0,False,GOOD,
group4,64,2022-07-18,2022-07-18_11-20-00,right,xAcc,/Volumes/NO NAME/Backup PrevOccupAI data/jan2023/data/group4/sensors/LIBPhys #007/2022-07-18/11-20-00/opensignals_886B0FABF89E_2022-07-18_11-20-00.txt,0.0,0.0,0.0,0.0,0.0,False,GOOD,
group4,64,2022-07-18,2022-07-18_11-20-00,right,yAcc,/Volumes/NO NAME/Backup PrevOccupAI data/jan2023/data/group4/sensors/LIBPhys #007/2022-07-18/11-20-00/opensignals_886B0FABF89E_2022-07-18_11-20-00.txt,0.0,0.0,0.0,0.0,0.0,False,GOOD,
group4,64,2022-07-18,2022-07-18_11-20-00,right,zAcc,/Volumes/NO NAME/Backup PrevOccupAI data/jan2023/data/group4/sensors/LIBPhys #007/2022-07-18/11-20-00/opensignals_886B0FABF89E_2022-07-18_11-20-00.txt,0.0,0.0,0.0,2.5041610809962555e-05,0.0,False,GOOD,
group4,65,2022-07-20,2022-07-20_15-30-00,left,xAcc,/Volumes/NO NAME/Backup PrevOccupAI data/jan2023/data/group4/sensors/LIBPhys #008/2022-07-20/15-30-00/opensignals_588E81A249B2_2022-07-20_15-30-00.txt,0.0,0.0,0.0,0.0,0.0,False,GOOD,
group4,65,2022-07-20,2022-07-20_15-30-00,left,yAcc,/Volumes/NO NAME/Backup PrevOccupAI data/jan2023/data/group4/sensors/LIBPhys #008/2022-07-20/15-30-00/opensignals_588E81A249B2_2022-07-20_15-30-00.txt,0.0,0.0,0.0,0.0,0.0,False,GOOD,
group4,65,2022-07-20,2022-07-20_15-30-00,left,zAcc,/Volumes/NO NAME/Backup PrevOccupAI data/jan2023/data/group4/sensors/LIBPhys #008/2022-07-20/15-30-00/opensignals_588E81A249B2_2022-07-20_15-30-00.txt,0.0,0.0,0.0,2.506569300374732e-05,0.0,False,GOOD,
group4,65,2022-07-20,2022-07-20_15-30-05,right,xAcc,/Volumes/NO NAME/Backup PrevOccupAI data/jan2023/data/group4/sensors/LIBPhys #008/2022-07-20/15-30-00/opensignals_588E81A24887_2022-07-20_15-30-05.txt,0.0,0.0,0.0,0.0,0.0,False,GOOD,
group4,65,2022-07-20,2022-07-20_15-30-05,right,yAcc,/Volumes/NO NAME/Backup PrevOccupAI data/jan2023/data/group4/sensors/LIBPhys #008/2022-07-20/15-30-00/opensignals_588E81A24887_2022-07-20_15-30-05.txt,0.0,0.0,0.0,0.0,0.0,False,GOOD,
group4,65,2022-07-20,2022-07-20_15-30-05,right,zAcc,/Volumes/NO NAME/Backup PrevOccupAI data/jan2023/data/group4/sensors/LIBPhys #008/2022-07-20/15-30-00/opensignals_588E81A24887_2022-07-20_15-30-05.txt,0.0,0.0,0.0,2.511689823051452e-05,0.0,False,GOOD,
group4,59,2022-07-22,2022-07-22_14-30-04,left,xAcc,/Volumes/NO NAME/Backup PrevOccupAI data/jan2023/data/group4/sensors/LIBPhys #002/2022-07-22/14-30-01/opensignals_886B0FABF7D3_2022-07-22_14-30-04.txt,0.010761930783551378,0.0,0.0,2.5455958645946646e-06,0.0,False,BAD,frac_missing (0.0108 > 0.01)
group4,59,2022-07-22,2022-07-22_14-30-04,left,yAcc,/Volumes/NO NAME/Backup PrevOccupAI data/jan2023/data/group4/sensors/LIBPhys #002/2022-07-22/14-30-01/opensignals_886B0FABF7D3_2022-07-22_14-30-04.txt,0.010761930783551378,0.0,0.0,0.0,0.0,False,BAD,frac_missing (0.0108 > 0.01)
group4,59,2022-07-22,2022-07-22_14-30-04,left,zAcc,/Volumes/NO NAME/Backup PrevOccupAI data/jan2023/data/group4/sensors/LIBPhys #002/2022-07-22/14-30-01/opensignals_886B0FABF7D3_2022-07-22_14-30-04.txt,0.010761930783551378,0.0,0.0,2.5455958645946648e-05,0.0,False,BAD,frac_missing (0.0108 > 0.01)
group4,59,2022-07-22,2022-07-22_14-30-02,right,xAcc,/Volumes/NO NAME/Backup PrevOccupAI data/jan2023/data/group4/sensors/LIBPhys #002/2022-07-22/14-30-01/opensignals_588E81A24A0D_2022-07-22_14-30-02.txt,0.013273790641841527,0.0,0.0,0.0,0.0,False,BAD,frac_missing (0.0133 > 0.01)
group4,59,2022-07-22,2022-07-22_14-30-02,right,yAcc,/Volumes/NO NAME/Backup PrevOccupAI data/jan2023/data/group4/sensors/LIBPhys #002/2022-07-22/14-30-01/opensignals_588E81A24A0D_2022-07-22_14-30-02.txt,0.013273790641841527,0.0,0.0,2.5513436651412465e-06,0.0,False,BAD,frac_missing (0.0133 > 0.01)
group4,59,2022-07-22,2022-07-22_14-30-02,right,zAcc,/Volumes/NO NAME/Backup PrevOccupAI data/jan2023/data/group4/sensors/LIBPhys #002/2022-07-22/14-30-01/opensignals_588E81A24A0D_2022-07-22_14-30-02.txt,0.013273790641841527,0.0,0.0,2.296209298627122e-05,0.0,False,BAD,frac_missing (0.0133 > 0.01)
group4,67,2022-07-20,2022-07-20_09-15-05,left,xAcc,/Volumes/NO NAME/Backup PrevOccupAI data/jan2023/data/group4/sensors/LIBPhys #010/2022-07-20/09-15-05/opensignals_588E81A24A5D_2022-07-20_09-15-05.txt,0.0,0.0,0.0,2.51002756010261e-06,0.0,False,GOOD,
group4,67,2022-07-20,2022-07-20_09-15-05,left,yAcc,/Volumes/NO NAME/Backup PrevOccupAI data/jan2023/data/group4/sensors/LIBPhys #010/2022-07-20/09-15-05/opensignals_588E81A24A5D_2022-07-20_09-15-05.txt,0.0,0.0,0.0,2.3426923894291027e-05,0.0,False,GOOD,
group4,67,2022-07-20,2022-07-20_09-15-05,left,zAcc,/Volumes/NO NAME/Backup PrevOccupAI data/jan2023/data/group4/sensors/LIBPhys #010/2022-07-20/09-15-05/opensignals_588E81A24A5D_2022-07-20_09-15-05.txt,0.0,0.0,0.0,2.259024804092349e-05,0.0,False,GOOD,
group4,67,2022-07-20,2022-07-20_09-15-05,right,xAcc,/Volumes/NO NAME/Backup PrevOccupAI data/jan2023/data/group4/sensors/LIBPhys #010/2022-07-20/09-15-05/opensignals_886B0FABF921_2022-07-20_09-15-05.txt,6.675517290007001e-06,0.0,0.0,2.5033189837526254e-06,0.0,False,GOOD,
group4,67,2022-07-20,2022-07-20_09-15-05,right,yAcc,/Volumes/NO NAME/Backup PrevOccupAI data/jan2023/data/group4/sensors/LIBPhys #010/2022-07-20/09-15-05/opensignals_886B0FABF921_2022-07-20_09-15-05.txt,6.675517290007001e-06,0.0,0.0,2.086099153127188e-05,0.0,False,GOOD,
group4,67,2022-07-20,2022-07-20_09-15-05,right,zAcc,/Volumes/NO NAME/Backup PrevOccupAI data/jan2023/data/group4/sensors/LIBPhys #010/2022-07-20/09-15-05/opensignals_886B0FABF921_2022-07-20_09-15-05.txt,6.675517290007001e-06,0.0,0.0,2.5033189837526252e-05,0.0,False,GOOD,
group4,66,2022-07-18,2022-07-18_09-30-02,left,xAcc,/Volumes/NO NAME/Backup PrevOccupAI data/jan2023/data/group4/sensors/LIBPhys #011/2022-07-18/09-30-02/opensignals_886B0FABF8C9_2022-07-18_09-30-02.txt,0.0,0.0,0.0,2.5040064102564103e-06,0.0,False,GOOD,
group4,66,2022-07-18,2022-07-18_09-30-02,left,yAcc,/Volumes/NO NAME/Backup PrevOccupAI data/jan2023/data/group4/sensors/LIBPhys #011/2022-07-18/09-30-02/opensignals_886B0FABF8C9_2022-07-18_09-30-02.txt,0.0,0.0,0.0,0.0,0.0,False,GOOD,
group4,66,2022-07-18,2022-07-18_09-30-02,left,zAcc,/Volumes/NO NAME/Backup PrevOccupAI data/jan2023/data/group4/sensors/LIBPhys #011/2022-07-18/09-30-02/opensignals_886B0FABF8C9_2022-07-18_09-30-02.txt,0.0,0.0,0.0,2.5040064102564102e-05,0.0,False,GOOD,
group4,66,2022-07-18,2022-07-18_09-30-22,right,xAcc,/Volumes/NO NAME/Backup PrevOccupAI data/jan2023/data/group4/sensors/LIBPhys #011/2022-07-18/09-30-02/opensignals_886B0FABF797_2022-07-18_09-30-22.txt,8.494956968795475e-07,0.0,0.0,0.0,0.0,False,GOOD,
group4,66,2022-07-18,2022-07-18_09-30-22,right,yAcc,/Volumes/NO NAME/Backup PrevOccupAI data/jan2023/data/group4/sensors/LIBPhys #011/2022-07-18/09-30-02/opensignals_886B0FABF797_2022-07-18_09-30-22.txt,8.494956968795475e-07,0.0,0.0,0.0,0.0,False,GOOD,
group4,66,2022-07-18,2022-07-18_09-30-22,right,zAcc,/Volumes/NO NAME/Backup PrevOccupAI data/jan2023/data/group4/sensors/LIBPhys #011/2022-07-18/09-30-02/opensignals_886B0FABF797_2022-07-18_09-30-22.txt,8.494956968795475e-07,0.0,0.0,2.5484870906386425e-05,0.0,False,GOOD,
group1,34,2022-05-02,2022-05-02_16-00-18,left,xAcc,/Volumes/NO NAME/Backup PrevOccupAI data/jan2023/data/group1/sensors/LIBPhys #010/2022-05-02/16-00-01/opensignals_588E81A248FD_2022-05-02_16-00-18.txt,0.0011961702178235306,0.0,0.0,0.0,0.0,False,GOOD,
group1,34,2022-05-02,2022-05-02_16-00-18,left,yAcc,/Volumes/NO NAME/Backup PrevOccupAI data/jan2023/data/group1/sensors/LIBPhys #010/2022-05-02/16-00-01/opensignals_588E81A248FD_2022-05-02_16-00-18.txt,0.0011961702178235306,0.0,0.0,0.0,0.0,False,GOOD,
group1,34,2022-05-02,2022-05-02_16-00-18,left,zAcc,/Volumes/NO NAME/Backup PrevOccupAI data/jan2023/data/group1/sensors/LIBPhys #010/2022-05-02/16-00-01/opensignals_588E81A248FD_2022-05-02_16-00-18.txt,0.0011961702178235306,0.0,0.0,2.5468492927399515e-05,0.0,False,GOOD,
group1,34,2022-05-02,2022-05-02_16-00-51,right,xAcc,/Volumes/NO NAME/Backup PrevOccupAI data/jan2023/data/group1/sensors/LIBPhys #010/2022-05-02/16-00-01/opensignals_886B0FABF921_2022-05-02_16-00-51.txt,0.0024865214540481344,0.0,0.0,0.0,0.0,False,GOOD,
group1,34,2022-05-02,2022-05-02_16-00-51,right,yAcc,/Volumes/NO NAME/Backup PrevOccupAI data/jan2023/data/group1/sensors/LIBPhys #010/2022-05-02/16-00-01/opensignals_886B0FABF921_2022-05-02_16-00-51.txt,0.0024865214540481344,0.0,0.0,2.636820205777449e-06,0.0,False,GOOD,
group1,34,2022-05-02,2022-05-02_16-00-51,right,zAcc,/Volumes/NO NAME/Backup PrevOccupAI data/jan2023/data/group1/sensors/LIBPhys #010/2022-05-02/16-00-01/opensignals_886B0FABF921_2022-05-02_16-00-51.txt,0.0024865214540481344,0.0,0.0,2.636820205777449e-05,0.0,False,GOOD,
group1,31,2022-05-04,2022-05-04_14-30-03,left,xAcc,/Volumes/NO NAME/Backup PrevOccupAI data/jan2023/data/group1/sensors/LIBPhys #007/2022-05-04/14-30-01/opensignals_588E81A24A57_2022-05-04_14-30-03.txt,0.0,0.0,0.0,0.0,0.0,False,GOOD,
group1,31,2022-05-04,2022-05-04_14-30-03,left,yAcc,/Volumes/NO NAME/Backup PrevOccupAI data/jan2023/data/group1/sensors/LIBPhys #007/2022-05-04/14-30-01/opensignals_588E81A24A57_2022-05-04_14-30-03.txt,0.0,0.0,0.0,0.0,0.0,False,GOOD,
group1,31,2022-05-04,2022-05-04_14-30-03,left,zAcc,/Volumes/NO NAME/Backup PrevOccupAI data/jan2023/data/group1/sensors/LIBPhys #007/2022-05-04/14-30-01/opensignals_588E81A24A57_2022-05-04_14-30-03.txt,0.0,0.0,0.0,2.782030678379634e-05,0.0,False,GOOD,
group1,31,2022-05-04,2022-05-04_14-30-05,right,xAcc,/Volumes/NO NAME/Backup PrevOccupAI data/jan2023/data/group1/sensors/LIBPhys #007/2022-05-04/14-30-01/opensignals_886B0FABF89E_2022-05-04_14-30-05.txt,0.0,0.0,0.0,0.0,0.0,False,GOOD,
group1,31,2022-05-04,2022-05-04_14-30-05,right,yAcc,/Volumes/NO NAME/Backup PrevOccupAI data/jan2023/data/group1/sensors/LIBPhys #007/2022-05-04/14-30-01/opensignals_886B0FABF89E_2022-05-04_14-30-05.txt,0.0,0.0,0.0,0.0,0.0,False,GOOD,
group1,31,2022-05-04,2022-05-04_14-30-05,right,zAcc,/Volumes/NO NAME/Backup PrevOccupAI data/jan2023/data/group1/sensors/LIBPhys #007/2022-05-04/14-30-01/opensignals_886B0FABF89E_2022-05-04_14-30-05.txt,0.0,0.0,0.0,2.520673725673398e-05,0.0,False,GOOD,
group2,44,2022-06-24,2022-06-24_14-30-00,left,xAcc,/Volumes/NO NAME/Backup PrevOccupAI data/jan2023/data/group2/sensors/LIBPhys #007/2022-06-24/14-30-00/opensignals_588E81A24A57_2022-06-24_14-30-00.txt,0.0,0.0,0.0,0.0,0.0,False,GOOD,
group2,44,2022-06-24,2022-06-24_14-30-00,left,yAcc,/Volumes/NO NAME/Backup PrevOccupAI data/jan2023/data/group2/sensors/LIBPhys #007/2022-06-24/14-30-00/opensignals_588E81A24A57_2022-06-24_14-30-00.txt,0.0,0.0,0.0,2.2543019595728514e-05,0.0,False,GOOD,
group2,44,2022-06-24,2022-06-24_14-30-00,left,zAcc,/Volumes/NO NAME/Backup PrevOccupAI data/jan2023/data/group2/sensors/LIBPhys #007/2022-06-24/14-30-00/opensignals_588E81A24A57_2022-06-24_14-30-00.txt,0.0,0.0,0.0,2.504779955080946e-05,0.0,False,GOOD,
group2,44,2022-06-24,2022-06-24_14-30-00,right,xAcc,/Volumes/NO NAME/Backup PrevOccupAI data/jan2023/data/group2/sensors/LIBPhys #007/2022-06-24/14-30-00/opensignals_886B0FABF89E_2022-06-24_14-30-00.txt,0.0,0.0,0.0,0.0,0.0,False,GOOD,
group2,44,2022-06-24,2022-06-24_14-30-00,right,yAcc,/Volumes/NO NAME/Backup PrevOccupAI data/jan2023/data/group2/sensors/LIBPhys #007/2022-06-24/14-30-00/opensignals_886B0FABF89E_2022-06-24_14-30-00.txt,0.0,0.0,0.0,0.0,0.0,False,GOOD,
group2,44,2022-06-24,2022-06-24_14-30-00,right,zAcc,/Volumes/NO NAME/Backup PrevOccupAI data/jan2023/data/group2/sensors/LIBPhys #007/2022-06-24/14-30-00/opensignals_886B0FABF89E_2022-06-24_14-30-00.txt,0.0,0.0,0.0,2.512474435572618e-05,0.0,False,GOOD,
group4,63,2022-07-19,2022-07-19_09-30-01,left,xAcc,/Volumes/NO NAME/Backup PrevOccupAI data/jan2023/data/group4/sensors/LIBPhys #006/2022-07-19/09-30-00/opensignals_886B0FABF754_2022-07-19_09-30-01.txt,0.0,0.0,0.0,2.508235372807384e-06,0.0,False,GOOD,
group4,63,2022-07-19,2022-07-19_09-30-01,left,yAcc,/Volumes/NO NAME/Backup PrevOccupAI data/jan2023/data/group4/sensors/LIBPhys #006/2022-07-19/09-30-00/opensignals_886B0FABF754_2022-07-19_09-30-01.txt,0.0,0.0,0.0,2.508235372807384e-06,0.0,False,GOOD,
group4,63,2022-07-19,2022-07-19_09-30-01,left,zAcc,/Volumes/NO NAME/Backup PrevOccupAI data/jan2023/data/group4/sensors/LIBPhys #006/2022-07-19/09-30-00/opensignals_886B0FABF754_2022-07-19_09-30-01.txt,0.0,0.0,0.0,2.508235372807384e-05,0.0,False,GOOD,
group4,63,2022-07-19,2022-07-19_09-30-01,right,xAcc,/Volumes/NO NAME/Backup PrevOccupAI data/jan2023/data/group4/sensors/LIBPhys #006/2022-07-19/09-30-00/opensignals_886B0FABF870_2022-07-19_09-30-01.txt,8.380852768530903e-07,0.0,0.0,2.514255830559271e-06,0.0,False,GOOD,
group4,63,2022-07-19,2022-07-19_09-30-01,right,yAcc,/Volumes/NO NAME/Backup PrevOccupAI data/jan2023/data/group4/sensors/LIBPhys #006/2022-07-19/09-30-00/opensignals_886B0FABF870_2022-07-19_09-30-01.txt,8.380852768530903e-07,0.0,0.0,2.514255830559271e-06,0.0,False,GOOD,
group4,63,2022-07-19,2022-07-19_09-30-01,right,zAcc,/Volumes/NO NAME/Backup PrevOccupAI data/jan2023/data/group4/sensors/LIBPhys #006/2022-07-19/09-30-00/opensignals_886B0FABF870_2022-07-19_09-30-01.txt,8.380852768530903e-07,0.0,0.0,2.514255830559271e-05,0.0,False,GOOD,
group4,65,2022-07-18,2022-07-18_10-10-01,left,xAcc,/Volumes/NO NAME/Backup PrevOccupAI data/jan2023/data/group4/sensors/LIBPhys #008/2022-07-18/10-10-00/opensignals_588E81A249B2_2022-07-18_10-10-01.txt,0.0,0.0,0.0,2.5051438954653557e-06,0.0,False,GOOD,
group4,65,2022-07-18,2022-07-18_10-10-01,left,yAcc,/Volumes/NO NAME/Backup PrevOccupAI data/jan2023/data/group4/sensors/LIBPhys #008/2022-07-18/10-10-00/opensignals_588E81A249B2_2022-07-18_10-10-01.txt,0.0,0.0,0.0,0.0,0.0,False,GOOD,
group4,65,2022-07-18,2022-07-18_10-10-01,left,zAcc,/Volumes/NO NAME/Backup PrevOccupAI data/jan2023/data/group4/sensors/LIBPhys #008/2022-07-18/10-10-00/opensignals_588E81A249B2_2022-07-18_10-10-01.txt,0.0,0.0,0.0,2.5051438954653555e-05,0.0,False,GOOD,
group4,65,2022-07-18,2022-07-18_10-10-04,right,xAcc,/Volumes/NO NAME/Backup PrevOccupAI data/jan2023/data/group4/sensors/LIBPhys #008/2022-07-18/10-10-00/opensignals_588E81A24887_2022-07-18_10-10-04.txt,0.0,0.0,0.0,2.5093137361506792e-06,0.0,False,GOOD,
group4,65,2022-07-18,2022-07-18_10-10-04,right,yAcc,/Volumes/NO NAME/Backup PrevOccupAI data/jan2023/data/group4/sensors/LIBPhys #008/2022-07-18/10-10-00/opensignals_588E81A24887_2022-07-18_10-10-04.txt,0.0,0.0,0.0,2.5093137361506792e-06,0.0,False,GOOD,
group4,65,2022-07-18,2022-07-18_10-10-04,right,zAcc,/Volumes/NO NAME/Backup PrevOccupAI data/jan2023/data/group4/sensors/LIBPhys #008/2022-07-18/10-10-00/opensignals_588E81A24887_2022-07-18_10-10-04.txt,0.0,0.0,0.0,2.2583823625356112e-05,0.0,False,GOOD,
group1,27,2022-05-02,2022-05-02_11-00-01,left,xAcc,/Volumes/NO NAME/Backup PrevOccupAI data/jan2023/data/group1/sensors/LIBPhys #003/2022-05-02/11-00-00/opensignals_886B0FABF7B1_2022-05-02_11-00-01.txt,0.0,0.0,0.0,0.0,0.0,False,GOOD,
group1,27,2022-05-02,2022-05-02_11-00-01,left,yAcc,/Volumes/NO NAME/Backup PrevOccupAI data/jan2023/data/group1/sensors/LIBPhys #003/2022-05-02/11-00-00/opensignals_886B0FABF7B1_2022-05-02_11-00-01.txt,0.0,0.0,0.0,2.5098007720147176e-05,0.0,False,GOOD,
group1,27,2022-05-02,2022-05-02_11-00-01,left,zAcc,/Volumes/NO NAME/Backup PrevOccupAI data/jan2023/data/group1/sensors/LIBPhys #003/2022-05-02/11-00-00/opensignals_886B0FABF7B1_2022-05-02_11-00-01.txt,0.0,0.0,0.0,2.5098007720147176e-05,0.0,False,GOOD,
group1,27,2022-05-02,2022-05-02_11-00-00,right,xAcc,/Volumes/NO NAME/Backup PrevOccupAI data/jan2023/data/group1/sensors/LIBPhys #003/2022-05-02/11-00-00/opensignals_588E81A24A2B_2022-05-02_11-00-00.txt,0.00033247763503144753,0.0,0.0,0.0,0.0,False,GOOD,
group1,27,2022-05-02,2022-05-02_11-00-00,right,yAcc,/Volumes/NO NAME/Backup PrevOccupAI data/jan2023/data/group1/sensors/LIBPhys #003/2022-05-02/11-00-00/opensignals_588E81A24A2B_2022-05-02_11-00-00.txt,0.00033247763503144753,0.0,0.0,2.3390386384121937e-05,0.0,False,GOOD,
group1,27,2022-05-02,2022-05-02_11-00-00,right,zAcc,/Volumes/NO NAME/Backup PrevOccupAI data/jan2023/data/group1/sensors/LIBPhys #003/2022-05-02/11-00-00/opensignals_588E81A24A2B_2022-05-02_11-00-00.txt,0.00033247763503144753,0.0,0.0,2.5061128268702076e-05,0.0,False,GOOD,
group3,51,2022-07-04,2022-07-04_16-00-54,left,xAcc,/Volumes/NO NAME/Backup PrevOccupAI data/jan2023/data/group3/sensors/LIBPhys #004/2022-07-04/16-00-00/opensignals_886B0FABF703_2022-07-04_16-00-54.txt,0.0,0.0,0.0,0.0,0.0,False,GOOD,
group3,51,2022-07-04,2022-07-04_16-00-54,left,yAcc,/Volumes/NO NAME/Backup PrevOccupAI data/jan2023/data/group3/sensors/LIBPhys #004/2022-07-04/16-00-00/opensignals_886B0FABF703_2022-07-04_16-00-54.txt,0.0,0.0,0.0,0.0,0.0,False,GOOD,
group3,51,2022-07-04,2022-07-04_16-00-54,left,zAcc,/Volumes/NO NAME/Backup PrevOccupAI data/jan2023/data/group3/sensors/LIBPhys #004/2022-07-04/16-00-00/opensignals_886B0FABF703_2022-07-04_16-00-54.txt,0.0,0.0,0.0,2.6370682130434667e-05,0.0,False,GOOD,
group3,56,2022-07-08,2022-07-08_15-00-00,left,xAcc,/Volumes/NO NAME/Backup PrevOccupAI data/jan2023/data/group3/sensors/LIBPhys #009/2022-07-08/15-00-00/opensignals_886B0FABF8C9_2022-07-08_15-00-00.txt,0.0,0.0,0.0,0.0,0.0,False,GOOD,
group3,56,2022-07-08,2022-07-08_15-00-00,left,yAcc,/Volumes/NO NAME/Backup PrevOccupAI data/jan2023/data/group3/sensors/LIBPhys #009/2022-07-08/15-00-00/opensignals_886B0FABF8C9_2022-07-08_15-00-00.txt,0.0,0.0,0.0,0.0,0.0,False,GOOD,
group3,56,2022-07-08,2022-07-08_15-00-00,left,zAcc,/Volumes/NO NAME/Backup PrevOccupAI data/jan2023/data/group3/sensors/LIBPhys #009/2022-07-08/15-00-00/opensignals_886B0FABF8C9_2022-07-08_15-00-00.txt,0.0,0.0,0.0,2.50996875925551e-05,0.0,False,GOOD,
group3,56,2022-07-08,2022-07-08_15-00-33,right,xAcc,/Volumes/NO NAME/Backup PrevOccupAI data/jan2023/data/group3/sensors/LIBPhys #009/2022-07-08/15-00-00/opensignals_886B0FABF797_2022-07-08_15-00-33.txt,0.0,0.0,0.0,0.0,0.0,False,GOOD,
group3,56,2022-07-08,2022-07-08_15-00-33,right,yAcc,/Volumes/NO NAME/Backup PrevOccupAI data/jan2023/data/group3/sensors/LIBPhys #009/2022-07-08/15-00-00/opensignals_886B0FABF797_2022-07-08_15-00-33.txt,0.0,0.0,0.0,0.0,0.0,False,GOOD,
group3,56,2022-07-08,2022-07-08_15-00-33,right,zAcc,/Volumes/NO NAME/Backup PrevOccupAI data/jan2023/data/group3/sensors/LIBPhys #009/2022-07-08/15-00-00/opensignals_886B0FABF797_2022-07-08_15-00-33.txt,0.0,0.0,0.0,2.5810958816894477e-05,0.0,False,GOOD,
group3,50,2022-07-04,2022-07-04_15-30-01,left,xAcc,/Volumes/NO NAME/Backup PrevOccupAI data/jan2023/data/group3/sensors/LIBPhys #003/2022-07-04/15-30-00/opensignals_886B0FABF7B1_2022-07-04_15-30-01.txt,0.0,0.0,0.0,0.0,0.0,False,GOOD,
group3,50,2022-07-04,2022-07-04_15-30-01,left,yAcc,/Volumes/NO NAME/Backup PrevOccupAI data/jan2023/data/group3/sensors/LIBPhys #003/2022-07-04/15-30-00/opensignals_886B0FABF7B1_2022-07-04_15-30-01.txt,0.0,0.0,0.0,0.0,0.0,False,GOOD,
group3,50,2022-07-04,2022-07-04_15-30-01,left,zAcc,/Volumes/NO NAME/Backup PrevOccupAI data/jan2023/data/group3/sensors/LIBPhys #003/2022-07-04/15-30-00/opensignals_886B0FABF7B1_2022-07-04_15-30-01.txt,0.0,0.0,0.0,2.5039708804879738e-05,0.0,False,GOOD,
group3,50,2022-07-04,2022-07-04_15-30-02,right,xAcc,/Volumes/NO NAME/Backup PrevOccupAI data/jan2023/data/group3/sensors/LIBPhys #003/2022-07-04/15-30-00/opensignals_588E81A24A2B_2022-07-04_15-30-02.txt,0.0,0.0,0.0,0.0,0.0,False,GOOD,
group3,50,2022-07-04,2022-07-04_15-30-02,right,yAcc,/Volumes/NO NAME/Backup PrevOccupAI data/jan2023/data/group3/sensors/LIBPhys #003/2022-07-04/15-30-00/opensignals_588E81A24A2B_2022-07-04_15-30-02.txt,0.0,0.0,0.0,2.097713157024738e-05,0.0,False,GOOD,
group3,50,2022-07-04,2022-07-04_15-30-02,right,zAcc,/Volumes/NO NAME/Backup PrevOccupAI data/jan2023/data/group3/sensors/LIBPhys #003/2022-07-04/15-30-00/opensignals_588E81A24A2B_2022-07-04_15-30-02.txt,0.0,0.0,0.0,2.5172557884296857e-05,0.0,False,GOOD,
group3,52,2022-07-04,2022-07-04_15-31-34,left,xAcc,/Volumes/NO NAME/Backup PrevOccupAI data/jan2023/data/group3/sensors/LIBPhys #005/2022-07-04/15-31-33/opensignals_84FD27E504C3_2022-07-04_15-31-34.txt,0.0,0.0,0.0,0.0,0.0,False,GOOD,
group3,52,2022-07-04,2022-07-04_15-31-34,left,yAcc,/Volumes/NO NAME/Backup PrevOccupAI data/jan2023/data/group3/sensors/LIBPhys #005/2022-07-04/15-31-33/opensignals_84FD27E504C3_2022-07-04_15-31-34.txt,0.0,0.0,0.0,0.0,0.0,False,GOOD,
group3,52,2022-07-04,2022-07-04_15-31-34,left,zAcc,/Volumes/NO NAME/Backup PrevOccupAI data/jan2023/data/group3/sensors/LIBPhys #005/2022-07-04/15-31-33/opensignals_84FD27E504C3_2022-07-04_15-31-34.txt,0.0,0.0,0.0,2.510546386947167e-05,0.0,False,GOOD,
group3,52,2022-07-04,2022-07-04_15-31-35,right,xAcc,/Volumes/NO NAME/Backup PrevOccupAI data/jan2023/data/group3/sensors/LIBPhys #005/2022-07-04/15-31-33/opensignals_886B0FABF7DB_2022-07-04_15-31-35.txt,0.0,0.0,0.0,0.0,0.0,False,GOOD,
group3,52,2022-07-04,2022-07-04_15-31-35,right,yAcc,/Volumes/NO NAME/Backup PrevOccupAI data/jan2023/data/group3/sensors/LIBPhys #005/2022-07-04/15-31-33/opensignals_886B0FABF7DB_2022-07-04_15-31-35.txt,0.0,0.0,0.0,2.260458387472707e-05,0.0,False,GOOD,
group3,52,2022-07-04,2022-07-04_15-31-35,right,zAcc,/Volumes/NO NAME/Backup PrevOccupAI data/jan2023/data/group3/sensors/LIBPhys #005/2022-07-04/15-31-33/opensignals_886B0FABF7DB_2022-07-04_15-31-35.txt,0.0,0.0,0.0,2.51162043052523e-05,0.0,False,GOOD,
group1,30,2022-05-06,2022-05-06_11-31-54,left,xAcc,/Volumes/NO NAME/Backup PrevOccupAI data/jan2023/data/group1/sensors/LIBPhys #006/2022-05-06/11-30-03/opensignals_886B0FABF754_2022-05-06_11-31-54.txt,0.0,0.0,0.0,0.0,0.0,False,GOOD,
group1,30,2022-05-06,2022-05-06_11-31-54,left,yAcc,/Volumes/NO NAME/Backup PrevOccupAI data/jan2023/data/group1/sensors/LIBPhys #006/2022-05-06/11-30-03/opensignals_886B0FABF754_2022-05-06_11-31-54.txt,0.0,0.0,0.0,2.5012761140174292e-05,0.0,False,GOOD,
group1,30,2022-05-06,2022-05-06_11-31-54,left,zAcc,/Volumes/NO NAME/Backup PrevOccupAI data/jan2023/data/group1/sensors/LIBPhys #006/2022-05-06/11-30-03/opensignals_886B0FABF754_2022-05-06_11-31-54.txt,0.0,0.0,0.0,2.779195682241588e-05,0.0,False,GOOD,
group1,30,2022-05-06,2022-05-06_11-30-03,right,xAcc,/Volumes/NO NAME/Backup PrevOccupAI data/jan2023/data/group1/sensors/LIBPhys #006/2022-05-06/11-30-03/opensignals_886B0FABF870_2022-05-06_11-30-03.txt,0.001874259830455175,0.0,0.0,2.2581443740423796e-05,0.0,False,GOOD,
group1,30,2022-05-06,2022-05-06_11-30-03,right,yAcc,/Volumes/NO NAME/Backup PrevOccupAI data/jan2023/data/group1/sensors/LIBPhys #006/2022-05-06/11-30-03/opensignals_886B0FABF870_2022-05-06_11-30-03.txt,0.001874259830455175,0.0,0.0,0.0,0.0,False,GOOD,
group1,30,2022-05-06,2022-05-06_11-30-03,right,zAcc,/Volumes/NO NAME/Backup PrevOccupAI data/jan2023/data/group1/sensors/LIBPhys #006/2022-05-06/11-30-03/opensignals_886B0FABF870_2022-05-06_11-30-03.txt,0.001874259830455175,0.0,0.0,2.509049304491533e-05,0.0,False,GOOD,
group3,50,2022-07-06,2022-07-06_14-00-01,left,xAcc,/Volumes/NO NAME/Backup PrevOccupAI data/jan2023/data/group3/sensors/LIBPhys #003/2022-07-06/14-00-00/opensignals_886B0FABF7B1_2022-07-06_14-00-01.txt,0.0,0.0,0.0,2.5055560705865257e-06,0.0,False,GOOD,
group3,50,2022-07-06,2022-07-06_14-00-01,left,yAcc,/Volumes/NO NAME/Backup PrevOccupAI data/jan2023/data/group3/sensors/LIBPhys #003/2022-07-06/14-00-00/opensignals_886B0FABF7B1_2022-07-06_14-00-01.txt,0.0,0.0,0.0,2.5055560705865257e-06,0.0,False,GOOD,
group3,50,2022-07-06,2022-07-06_14-00-01,left,zAcc,/Volumes/NO NAME/Backup PrevOccupAI data/jan2023/data/group3/sensors/LIBPhys #003/2022-07-06/14-00-00/opensignals_886B0FABF7B1_2022-07-06_14-00-01.txt,0.0,0.0,0.0,2.5055560705865256e-05,0.0,False,GOOD,
group3,50,2022-07-06,2022-07-06_14-00-02,right,xAcc,/Volumes/NO NAME/Backup PrevOccupAI data/jan2023/data/group3/sensors/LIBPhys #003/2022-07-06/14-00-00/opensignals_588E81A24A2B_2022-07-06_14-00-02.txt,0.0021102028306863685,0.0,0.0,2.5121462270075815e-06,0.0,False,GOOD,
group3,50,2022-07-06,2022-07-06_14-00-02,right,yAcc,/Volumes/NO NAME/Backup PrevOccupAI data/jan2023/data/group3/sensors/LIBPhys #003/2022-07-06/14-00-00/opensignals_588E81A24A2B_2022-07-06_14-00-02.txt,0.0021102028306863685,0.0,0.0,2.5121462270075815e-06,0.0,False,GOOD,
group3,50,2022-07-06,2022-07-06_14-00-02,right,zAcc,/Volumes/NO NAME/Backup PrevOccupAI data/jan2023/data/group3/sensors/LIBPhys #003/2022-07-06/14-00-00/opensignals_588E81A24A2B_2022-07-06_14-00-02.txt,0.0021102028306863685,0.0,0.0,2.2609316043068235e-05,0.0,False,GOOD,
group1,25,2022-05-02,2022-05-02_12-00-02,left,xAcc,/Volumes/NO NAME/Backup PrevOccupAI data/jan2023/data/group1/sensors/LIBPhys #001/2022-05-02/12-00-01/opensignals_886B0FABF87D_2022-05-02_12-00-02.txt,0.0,0.0,0.0,0.0,0.0,False,GOOD,
group1,25,2022-05-02,2022-05-02_12-00-02,left,yAcc,/Volumes/NO NAME/Backup PrevOccupAI data/jan2023/data/group1/sensors/LIBPhys #001/2022-05-02/12-00-01/opensignals_886B0FABF87D_2022-05-02_12-00-02.txt,0.0,0.0,0.0,2.5088289873446303e-05,0.0,False,GOOD,
group1,25,2022-05-02,2022-05-02_12-00-02,left,zAcc,/Volumes/NO NAME/Backup PrevOccupAI data/jan2023/data/group1/sensors/LIBPhys #001/2022-05-02/12-00-01/opensignals_886B0FABF87D_2022-05-02_12-00-02.txt,0.0,0.0,0.0,2.5088289873446303e-05,0.0,False,GOOD,
group1,25,2022-05-02,2022-05-02_12-00-17,right,xAcc,/Volumes/NO NAME/Backup PrevOccupAI data/jan2023/data/group1/sensors/LIBPhys #001/2022-05-02/12-00-01/opensignals_588E81A248D5_2022-05-02_12-00-17.txt,0.0020764492379295803,0.0,0.0,0.0,0.0,False,GOOD,
group1,25,2022-05-02,2022-05-02_12-00-17,right,yAcc,/Volumes/NO NAME/Backup PrevOccupAI data/jan2023/data/group1/sensors/LIBPhys #001/2022-05-02/12-00-01/opensignals_588E81A248D5_2022-05-02_12-00-17.txt,0.0020764492379295803,0.0,0.0,2.5405170121487523e-05,0.0,False,GOOD,
group1,25,2022-05-02,2022-05-02_12-00-17,right,zAcc,/Volumes/NO NAME/Backup PrevOccupAI data/jan2023/data/group1/sensors/LIBPhys #001/2022-05-02/12-00-01/opensignals_588E81A248D5_2022-05-02_12-00-17.txt,0.0020764492379295803,0.0,0.0,2.5405170121487523e-05,0.0,False,GOOD,
group4,67,2022-07-19,2022-07-19_16-00-19,right,xAcc,/Volumes/NO NAME/Backup PrevOccupAI data/jan2023/data/group4/sensors/LIBPhys #010/2022-07-19/16-00-00/opensignals_886B0FABF921_2022-07-19_16-00-19.txt,0.00022040473090277778,0.0,0.0,0.0,0.0,False,GOOD,
group4,67,2022-07-19,2022-07-19_16-00-19,right,yAcc,/Volumes/NO NAME/Backup PrevOccupAI data/jan2023/data/group4/sensors/LIBPhys #010/2022-07-19/16-00-00/opensignals_886B0FABF921_2022-07-19_16-00-19.txt,0.00022040473090277778,0.0,0.0,2.288818359375e-05,0.0,False,GOOD,
group4,67,2022-07-19,2022-07-19_16-00-19,right,zAcc,/Volumes/NO NAME/Backup PrevOccupAI data/jan2023/data/group4/sensors/LIBPhys #010/2022-07-19/16-00-00/opensignals_886B0FABF921_2022-07-19_16-00-19.txt,0.00022040473090277778,0.0,0.0,2.5431315104166668e-05,0.0,False,GOOD,
group3,56,2022-07-04,2022-07-04_12-30-01,left,xAcc,/Volumes/NO NAME/Backup PrevOccupAI data/jan2023/data/group3/sensors/LIBPhys #009/2022-07-04/12-30-01/opensignals_886B0FABF8C9_2022-07-04_12-30-01.txt,0.0,0.0,0.0,0.0,0.0,False,GOOD,
group3,56,2022-07-04,2022-07-04_12-30-01,left,yAcc,/Volumes/NO NAME/Backup PrevOccupAI data/jan2023/data/group3/sensors/LIBPhys #009/2022-07-04/12-30-01/opensignals_886B0FABF8C9_2022-07-04_12-30-01.txt,0.0,0.0,0.0,0.0,0.0,False,GOOD,
group3,56,2022-07-04,2022-07-04_12-30-01,left,zAcc,/Volumes/NO NAME/Backup PrevOccupAI data/jan2023/data/group3/sensors/LIBPhys #009/2022-07-04/12-30-01/opensignals_886B0FABF8C9_2022-07-04_12-30-01.txt,0.0,0.0,0.0,2.504332495216725e-05,0.0,False,GOOD,
group3,56,2022-07-04,2022-07-04_12-30-07,right,xAcc,/Volumes/NO NAME/Backup PrevOccupAI data/jan2023/data/group3/sensors/LIBPhys #009/2022-07-04/12-30-01/opensignals_886B0FABF797_2022-07-04_12-30-07.txt,6.739691221046707e-06,0.0,0.0,0.0,0.0,False,GOOD,
group3,56,2022-07-04,2022-07-04_12-30-07,right,yAcc,/Volumes/NO NAME/Backup PrevOccupAI data/jan2023/data/group3/sensors/LIBPhys #009/2022-07-04/12-30-01/opensignals_886B0FABF797_2022-07-04_12-30-07.txt,6.739691221046707e-06,0.0,0.0,0.0,0.0,False,GOOD,
group3,56,2022-07-04,2022-07-04_12-30-07,right,zAcc,/Volumes/NO NAME/Backup PrevOccupAI data/jan2023/data/group3/sensors/LIBPhys #009/2022-07-04/12-30-01/opensignals_886B0FABF797_2022-07-04_12-30-07.txt,6.739691221046707e-06,0.0,0.0,2.5273842078925155e-05,0.0,False,GOOD,
